accuracy,f1_score,iou,loss,mcc,precision,recall,specificity,val_accuracy,val_f1_score,val_iou,val_loss,val_mcc,val_precision,val_recall,val_specificity
0.594184935092926,0.11330339312553406,0.32159021496772766,1.0767018795013428,-0.04725982993841171,0.0696200430393219,0.29613056778907776,0.6226282119750977,0.8249776363372803,0.1794963777065277,0.4620295763015747,0.9825394749641418,0.08893933892250061,0.1590670645236969,0.22449377179145813,0.8908959627151489
0.6634008288383484,0.17750956118106842,0.3739701509475708,1.021750569343567,0.06239490583539009,0.11253612488508224,0.4162392318248749,0.6869828104972839,0.708305835723877,0.24518153071403503,0.41651517152786255,0.9967789649963379,0.160491943359375,0.15886922180652618,0.5286865830421448,0.7382123470306396
0.707897961139679,0.23779094219207764,0.4144275188446045,0.9849860668182373,0.15354520082473755,0.15380680561065674,0.5231701731681824,0.7255195379257202,0.6292181015014648,0.24652233719825745,0.3723410964012146,1.0054175853729248,0.17582479119300842,0.14923956990242004,0.671644926071167,0.641167402267456
0.7388050556182861,0.2886755168437958,0.446422815322876,0.9567273259162903,0.22592096030712128,0.18917056918144226,0.6086392998695374,0.7512224912643433,0.6476778984069824,0.2500241696834564,0.3835482895374298,1.0047242641448975,0.17740805447101593,0.15272174775600433,0.6486988663673401,0.666922390460968
0.7681167721748352,0.33614569902420044,0.4778187572956085,0.9319846630096436,0.2892456650733948,0.22383366525173187,0.6741163730621338,0.7770860195159912,0.7055933475494385,0.26143789291381836,0.4189940094947815,0.9985966682434082,0.1844266653060913,0.16657938063144684,0.5747604370117188,0.7383373975753784
0.7952952980995178,0.38139641284942627,0.5085539221763611,0.90948086977005,0.3458612561225891,0.2587572932243347,0.7246894836425781,0.8020327687263489,0.7555670738220215,0.27494460344314575,0.4509531259536743,0.9898700714111328,0.19623789191246033,0.18580247461795807,0.5146420001983643,0.7974226474761963
0.8178484439849854,0.42206621170043945,0.5361683964729309,0.8890277743339539,0.3943548798561096,0.29156580567359924,0.7639232873916626,0.8229939937591553,0.7852540016174316,0.2884979248046875,0.4719677269458771,0.9843152761459351,0.21092607080936432,0.2046569287776947,0.4877317249774933,0.8318108320236206
0.8362360000610352,0.4578436613082886,0.5604749917984009,0.8700087666511536,0.4354260563850403,0.3216170370578766,0.7942231893539429,0.8402444124221802,0.7923083305358887,0.2986050844192505,0.4789838492870331,0.9818751215934753,0.2232079803943634,0.21343958377838135,0.4947967827320099,0.8398712873458862
0.851227343082428,0.4884174168109894,0.5814850330352783,0.8526521325111389,0.4692171812057495,0.34855878353118896,0.8157241940498352,0.8546142578125,0.7689566612243652,0.28784942626953125,0.4627639055252075,0.9792826175689697,0.2121325433254242,0.19827556610107422,0.5225678086280823,0.8138427734375
0.8639195561408997,0.5151457190513611,0.6001203060150146,0.8366047739982605,0.49767163395881653,0.3733978271484375,0.8303150534629822,0.8671253323554993,0.7175889015197754,0.26280009746551514,0.42733484506607056,0.9780267477035522,0.18519215285778046,0.17204886674880981,0.5682540535926819,0.7540847063064575
0.8754600882530212,0.5403133630752563,0.617886483669281,0.8218426704406738,0.5236369371414185,0.39807602763175964,0.8406602144241333,0.878779411315918,0.6691994667053223,0.2487444132566452,0.39662089943885803,0.978554368019104,0.1718221753835678,0.1571987122297287,0.6211096048355103,0.6966397762298584
0.8852841854095459,0.5627185106277466,0.6338275671005249,0.8082807660102844,0.5462631583213806,0.4211110472679138,0.8478013873100281,0.8888583779335022,0.670116662979126,0.2607693672180176,0.40013229846954346,0.97845458984375,0.19117683172225952,0.1635700911283493,0.6560232043266296,0.695701003074646
0.8931984305381775,0.582267165184021,0.6476539373397827,0.7954793572425842,0.5661183595657349,0.4414597153663635,0.8549452424049377,0.8968454599380493,0.7340643405914307,0.30924564599990845,0.4487134516239166,0.9761426448822021,0.24952638149261475,0.19876061379909515,0.6537510752677917,0.7682586312294006
0.8995023369789124,0.5986640453338623,0.6592796444892883,0.7838074564933777,0.5827431082725525,0.4588697552680969,0.8609125018119812,0.9031813144683838,0.7878189086914062,0.348227858543396,0.49150359630584717,0.9737128019332886,0.28972262144088745,0.23745356500148773,0.6235768795013428,0.8255942463874817
0.9052825570106506,0.6140563488006592,0.6702994108200073,0.7727163434028625,0.5981436967849731,0.47582346200942993,0.8653936386108398,0.9090849161148071,0.8296611309051514,0.37919384241104126,0.5275374054908752,0.9692203998565674,0.319659560918808,0.2814962863922119,0.5860543251037598,0.867820143699646
0.9106279015541077,0.6288146376609802,0.6809365153312683,0.762152910232544,0.6128695011138916,0.4924822449684143,0.8694219589233398,0.9145557880401611,0.86409592628479,0.4030325412750244,0.5582868456840515,0.9636898040771484,0.34202221035957336,0.33534300327301025,0.5333271026611328,0.9040534496307373
0.915248692035675,0.6416277885437012,0.6903045177459717,0.7521468997001648,0.6254042387008667,0.5077301263809204,0.8713298439979553,0.9194352626800537,0.886138916015625,0.4163416028022766,0.5775021910667419,0.9582422971725464,0.3568107783794403,0.38847801089286804,0.4817492961883545,0.9293233156204224
0.9193487763404846,0.6532339453697205,0.6988551616668701,0.7428624033927917,0.6366733908653259,0.5220288038253784,0.8723768591880798,0.9238259792327881,0.9013371467590332,0.42094630002975464,0.5890124440193176,0.9541847705841064,0.36741968989372253,0.44522032141685486,0.431548148393631,0.9487167596817017
0.9230916500091553,0.6644681096076965,0.7071089148521423,0.7335246205329895,0.6477822065353394,0.5357213020324707,0.8744681477546692,0.9277266263961792,0.9101262092590332,0.417510449886322,0.5929076075553894,0.950387716293335,0.3733431100845337,0.49513909220695496,0.3897806704044342,0.9616603851318359
0.9267322421073914,0.6754103899002075,0.7152618169784546,0.7246329188346863,0.6584436297416687,0.5497514605522156,0.8753408193588257,0.9316307902336121,0.9160878658294678,0.4035678505897522,0.5907553434371948,0.9476091265678406,0.3739836812019348,0.5469743013381958,0.3445969521999359,0.9725546836853027
0.9300066828727722,0.6853605508804321,0.7227391004562378,0.7159634232521057,0.6680552363395691,0.5630541443824768,0.8753070831298828,0.9352205991744995,0.9194152355194092,0.3733367621898651,0.581007182598114,0.9467360973358154,0.3637554943561554,0.598639190196991,0.2928106486797333,0.9811906814575195
0.9329206347465515,0.6946046352386475,0.7297153472900391,0.7073715329170227,0.6771292090415955,0.5753726959228516,0.8760218024253845,0.9383449554443359,0.9206280708312988,0.3535119891166687,0.5741488337516785,0.9433541297912598,0.35728052258491516,0.6309630274772644,0.26520535349845886,0.9851522445678711
0.93560391664505,0.7031852006912231,0.7362229228019714,0.6993107795715332,0.6854687929153442,0.5872774124145508,0.8758803009986877,0.9412974119186401,0.920799732208252,0.3187788724899292,0.5616462826728821,0.9415627717971802,0.34027403593063354,0.6630481481552124,0.22776299715042114,0.9890414476394653
0.9379883408546448,0.7109470963478088,0.7421616911888123,0.6913735270500183,0.6930346488952637,0.5982893705368042,0.8756886124610901,0.9439275860786438,0.9201159477233887,0.2768416404724121,0.5466874241828918,0.9414935111999512,0.31708478927612305,0.68996661901474,0.18950267136096954,0.992142379283905
0.9400239586830139,0.7181122303009033,0.7476000189781189,0.6832509636878967,0.7002660632133484,0.6077672243118286,0.877257764339447,0.9460077285766602,0.9191398620605469,0.2403685748577118,0.5334041714668274,0.9413642287254333,0.2937242090702057,0.708841860294342,0.15851855278015137,0.9939473271369934
0.9420291781425476,0.7251484394073486,0.7529758810997009,0.6754567623138428,0.7072967886924744,0.6174889802932739,0.8780638575553894,0.9481271505355835,0.9183006286621094,0.2045132964849472,0.5225934982299805,0.9366735816001892,0.26863500475883484,0.72748202085495,0.1343107968568802,0.9953500032424927
0.9436221718788147,0.7306122183799744,0.7572280168533325,0.6683868765830994,0.71266770362854,0.6255654096603394,0.8779122829437256,0.9498863816261292,0.9173707962036133,0.18687763810157776,0.5155792832374573,0.9299303889274597,0.2549183666706085,0.7210150361061096,0.12000694870948792,0.9957931637763977
0.9450880885124207,0.7358512282371521,0.7612802982330322,0.6613592505455017,0.7179073095321655,0.6330952644348145,0.8782591819763184,0.9514596462249756,0.9168765544891357,0.16194868087768555,0.5087081789970398,0.9286788702011108,0.23575380444526672,0.7393267154693604,0.1050802618265152,0.9966284036636353
0.9467050433158875,0.741787314414978,0.7658729553222656,0.6540074348449707,0.7238680124282837,0.6415470838546753,0.8789319396018982,0.9531654715538025,0.9165647029876709,0.1470746397972107,0.5024014115333557,0.9272234439849854,0.22959862649440765,0.7732974290847778,0.09130033850669861,0.997477650642395
0.948232114315033,0.7476087808609009,0.7704088091850281,0.6462640166282654,0.729840874671936,0.6495361924171448,0.8804289698600769,0.9546962380409241,0.9160306453704834,0.14125065505504608,0.4994080662727356,0.9238993525505066,0.21644806861877441,0.7594040036201477,0.0856974795460701,0.9968697428703308
0.9492935538291931,0.7514638900756836,0.7734484672546387,0.6399320960044861,0.7336682677268982,0.6554703712463379,0.8802610635757446,0.9558748006820679,0.9168412685394287,0.15578092634677887,0.5042157769203186,0.9199997186660767,0.2378290295600891,0.7772396802902222,0.094807468354702,0.9973329305648804
0.9505293965339661,0.7564288973808289,0.7773076295852661,0.6324693560600281,0.7388303875923157,0.6620298027992249,0.8820785284042358,0.9570552110671997,0.8999261856079102,0.201695054769516,0.5162877440452576,0.9180694818496704,0.20500341057777405,0.37017548084259033,0.17395314574241638,0.9786890745162964
0.9516064524650574,0.7604082822799683,0.7804692387580872,0.6261140704154968,0.7427915334701538,0.6683079600334167,0.8817891478538513,0.9582622051239014,0.8859529495239258,0.13349959254264832,0.48446789383888245,0.9565675258636475,0.13966958224773407,0.22879455983638763,0.11755035817623138,0.9732534289360046
0.9525392651557922,0.7639247179031372,0.7832786440849304,0.6196979284286499,0.7463334202766418,0.6737769246101379,0.8817991614341736,0.9592834115028381,0.7880301475524902,0.22785627841949463,0.4580129384994507,1.0107101202011108,0.1317484825849533,0.17534828186035156,0.37175315618515015,0.7867701053619385
0.9534273743629456,0.7672345638275146,0.7859208583831787,0.6134058237075806,0.7496262192726135,0.6792037487030029,0.8813144564628601,0.9603027105331421,0.8255081176757812,0.21845003962516785,0.475099116563797,0.9684280157089233,0.12741424143314362,0.1890026032924652,0.290610671043396,0.8729245662689209
0.9542582631111145,0.7711097598075867,0.7889230251312256,0.6062580943107605,0.7538558840751648,0.6832712888717651,0.884705662727356,0.9608891010284424,0.8582777976989746,0.21833693981170654,0.4942653179168701,0.9547014236450195,0.13729624450206757,0.2268797755241394,0.2446276992559433,0.9108065366744995
0.9554702639579773,0.7756191492080688,0.7925831079483032,0.5996123552322388,0.7583246231079102,0.690984308719635,0.88374263048172,0.962308406829834,0.7977619171142578,0.23825789988040924,0.4655025601387024,1.0093289613723755,0.1470334529876709,0.18416708707809448,0.3695398271083832,0.8331581354141235
0.95578932762146,0.7774524092674255,0.7939766645431519,0.5930314660072327,0.7604615688323975,0.6920647025108337,0.8867486119270325,0.9623715877532959,0.8910279273986816,0.2229510247707367,0.5113731622695923,0.9321926832199097,0.19366541504859924,0.3147255778312683,0.1883692592382431,0.9674668312072754
0.956791341304779,0.7811762690544128,0.7970205545425415,0.5870208740234375,0.7641347646713257,0.6986921429634094,0.885614812374115,0.9635772109031677,0.9054193496704102,0.2035529464483261,0.5140193104743958,0.9254659414291382,0.2029160112142563,0.4161604046821594,0.1499699205160141,0.9823402166366577
0.9572172164916992,0.7831099033355713,0.7985458374023438,0.5808582901954651,0.7662100195884705,0.7010082602500916,0.8868426084518433,0.9639261960983276,0.9039278030395508,0.19982556998729706,0.5111253261566162,0.9337671995162964,0.18773218989372253,0.3956843912601471,0.1463184505701065,0.9794012904167175
0.9581980109214783,0.7871795892715454,0.8018491268157959,0.57436603307724,0.7704341411590576,0.7069907784461975,0.8877992630004883,0.964910089969635,0.8951306343078613,0.229111909866333,0.5205034017562866,0.9233257174491882,0.21635356545448303,0.349420428276062,0.20395086705684662,0.9719617366790771
0.9587779641151428,0.7899553775787354,0.8040473461151123,0.5676357746124268,0.7734591364860535,0.7099687457084656,0.8901571035385132,0.9653200507164001,0.8893637657165527,0.2646847665309906,0.5211227536201477,0.9228710532188416,0.20784920454025269,0.3273019790649414,0.22784319519996643,0.9490041732788086
0.9591724276542664,0.7910743355751038,0.8050186038017273,0.562892496585846,0.7743777632713318,0.7134464383125305,0.8875144720077515,0.9660041928291321,0.9083609580993652,0.21242564916610718,0.5170337557792664,0.9184557199478149,0.21641898155212402,0.45793625712394714,0.1493925303220749,0.9841809868812561
0.9599423408508301,0.7949228286743164,0.8080663084983826,0.5554835796356201,0.7786420583724976,0.7171858549118042,0.891406774520874,0.9664762616157532,0.8979048728942871,0.2005496323108673,0.5099931955337524,0.9334383010864258,0.18351686000823975,0.3452540934085846,0.16139483451843262,0.9753203392028809
0.9606070518493652,0.7974400520324707,0.8101710677146912,0.5498183369636536,0.7811234593391418,0.721994936466217,0.8903597593307495,0.9673048257827759,0.8939523696899414,0.22169724106788635,0.5110913515090942,0.9389654397964478,0.17784196138381958,0.3263344168663025,0.17756719887256622,0.962805986404419
0.9610781669616699,0.7997784614562988,0.8120566606521606,0.5435671806335449,0.7837057709693909,0.7243171334266663,0.8927130699157715,0.9675961136817932,0.830949068069458,0.24576982855796814,0.48836302757263184,0.9758472442626953,0.1731531172990799,0.21479028463363647,0.3371523320674896,0.9022865295410156
0.9615731239318848,0.8016985654830933,0.8136377334594727,0.5381460785865784,0.7855990529060364,0.7279994487762451,0.8918367624282837,0.9682212471961975,0.8404984474182129,0.2497096061706543,0.4930981993675232,0.965392529964447,0.16433356702327728,0.2226431518793106,0.3164009153842926,0.8693468570709229
0.9622874855995178,0.8047108054161072,0.8161318898200989,0.5318918228149414,0.788719892501831,0.7327964305877686,0.8921297788619995,0.9689763784408569,0.8046362400054932,0.21417155861854553,0.4611855447292328,1.1044765710830688,0.11858487129211426,0.1704770177602768,0.30792179703712463,0.8411187529563904
0.9625223278999329,0.8058097958564758,0.8170371055603027,0.5266441702842712,0.7899070978164673,0.7341322898864746,0.8928856253623962,0.969161868095398,0.7766227722167969,0.22399665415287018,0.4504813253879547,1.0970754623413086,0.1274186372756958,0.16826732456684113,0.3815635144710541,0.7875192165374756
0.9630126953125,0.8075674176216125,0.8185425996780396,0.521592915058136,0.7915873527526855,0.7382076382637024,0.8912087082862854,0.9698587656021118,0.6448183059692383,0.2253645956516266,0.3774822950363159,1.3372026681900024,0.1415482759475708,0.14267641305923462,0.5953941941261292,0.6168652176856995
0.9634563326835632,0.8099709749221802,0.8204604387283325,0.5151155591011047,0.7942805886268616,0.74013352394104,0.8942201733589172,0.9700570106506348,0.7089769840240479,0.21991735696792603,0.41119837760925293,1.206403136253357,0.12392231822013855,0.14700505137443542,0.4711958169937134,0.728958249092102
0.9642552733421326,0.8135018944740295,0.8234032392501831,0.5088304281234741,0.7979959845542908,0.7453965544700623,0.8952015042304993,0.9708389043807983,0.7063946723937988,0.216806560754776,0.4086079001426697,1.280531883239746,0.12080970406532288,0.1440587192773819,0.46378859877586365,0.7034134864807129
0.9647298455238342,0.815746009349823,0.8252476453781128,0.5026654601097107,0.8004007935523987,0.7482662200927734,0.8964757919311523,0.9712367057800293,0.7816662788391113,0.2024117410182953,0.4476553797721863,1.1490670442581177,0.0992346853017807,0.15816490352153778,0.3349737226963043,0.8015743494033813
0.9652361273765564,0.818019688129425,0.8271580934524536,0.496816486120224,0.8028079867362976,0.7515900731086731,0.8972471356391907,0.9717183113098145,0.8020343780517578,0.2487345188856125,0.46915003657341003,1.0622740983963013,0.1622355878353119,0.1889607459306717,0.3704513609409332,0.8210122585296631
0.9654495716094971,0.8186927437782288,0.827742874622345,0.49214157462120056,0.8033943772315979,0.7538172006607056,0.8956505656242371,0.9721044301986694,0.8141026496887207,0.24735616147518158,0.47506996989250183,1.0426738262176514,0.15976589918136597,0.19436587393283844,0.3447626829147339,0.8638244867324829
0.966003954410553,0.8215980529785156,0.8301438093185425,0.48543986678123474,0.8066239356994629,0.7564394474029541,0.8989678621292114,0.9723954796791077,0.7529387474060059,0.22421026229858398,0.4358784556388855,1.257751226425171,0.1330503672361374,0.15752457082271576,0.4070677161216736,0.7290160655975342
0.9660549759864807,0.8214139342308044,0.830059826374054,0.4816924035549164,0.8062852025032043,0.7578251361846924,0.8966355323791504,0.972672700881958,0.7984902858734131,0.2052585482597351,0.45953476428985596,1.1079559326171875,0.11290275305509567,0.1711219996213913,0.3276199996471405,0.8592464327812195
0.9667548537254333,0.8241932392120361,0.8324345350265503,0.47606411576271057,0.8090759515762329,0.763771653175354,0.894936740398407,0.9736021161079407,0.822974681854248,0.24572157859802246,0.4791775345802307,1.0053811073303223,0.15836969017982483,0.19876070320606232,0.32488539814949036,0.8641571998596191
0.967010498046875,0.8256986141204834,0.8336535096168518,0.470294713973999,0.8107777833938599,0.7646167874336243,0.8973082900047302,0.9736572504043579,0.7615549564361572,0.2301279604434967,0.4427958130836487,1.2066874504089355,0.13751046359539032,0.16455617547035217,0.41045722365379333,0.7665938138961792
0.9673430323600769,0.8271796703338623,0.8348957300186157,0.465078741312027,0.8123105764389038,0.7670866847038269,0.8973667025566101,0.974014937877655,0.7552745342254639,0.24010485410690308,0.4422549605369568,1.1608948707580566,0.1519210934638977,0.1687515676021576,0.44418931007385254,0.8136088252067566
0.9677683711051941,0.8292055130004883,0.8366000652313232,0.45956310629844666,0.8144868016242981,0.7698355317115784,0.8983772397041321,0.9743838310241699,0.8117778301239014,0.24878430366516113,0.47772854566574097,1.0534577369689941,0.16228309273719788,0.20088976621627808,0.3728598356246948,0.8626676201820374
0.9682603478431702,0.8312481641769409,0.8383538722991943,0.45427611470222473,0.8165674209594727,0.7739901542663574,0.897511899471283,0.975006103515625,0.8114511966705322,0.2584128975868225,0.4779517352581024,1.0828850269317627,0.17224718630313873,0.20149219036102295,0.37596866488456726,0.8502371311187744
0.9688795208930969,0.8347722887992859,0.8412794470787048,0.4471924304962158,0.8205439448356628,0.7762922048568726,0.9026721715927124,0.975191593170166,0.8499610424041748,0.2687869369983673,0.5032520294189453,1.003919243812561,0.1896447092294693,0.24310074746608734,0.32278698682785034,0.8741148710250854
0.968930721282959,0.833936333656311,0.8407236933708191,0.4445798695087433,0.8192887306213379,0.7799296975135803,0.8959363102912903,0.975890040397644,0.8630454540252686,0.28412866592407227,0.5175386071205139,0.9502983689308167,0.21111173927783966,0.2754093110561371,0.3283444046974182,0.9194568395614624
0.9691783785820007,0.8356395959854126,0.842074990272522,0.4387491047382355,0.8212719559669495,0.7800953388214111,0.8995575308799744,0.9758166074752808,0.8983983993530273,0.3247864842414856,0.5507305264472961,0.8953978419303894,0.27178335189819336,0.40463724732398987,0.2952030897140503,0.9522733092308044
0.9696809649467468,0.8379505276679993,0.8440968990325928,0.4331289231777191,0.8237391710281372,0.7836195230484009,0.9003681540489197,0.9762895107269287,0.9081757068634033,0.33331674337387085,0.5611494779586792,0.880104660987854,0.29950714111328125,0.47533807158470154,0.28450527787208557,0.9694268703460693
0.9700073599815369,0.8395865559577942,0.8454626798629761,0.42780187726020813,0.8254953622817993,0.7857161164283752,0.9013074636459351,0.9765570163726807,0.8852517604827881,0.3001333177089691,0.5388622283935547,0.9237921237945557,0.233860045671463,0.3430587649345398,0.3131771385669708,0.9337259531021118
0.9705105423927307,0.8417317867279053,0.8473434448242188,0.4226818084716797,0.8277118802070618,0.7900622487068176,0.900585412979126,0.9771773815155029,0.9070031642913818,0.3330391049385071,0.5591791868209839,0.8834025263786316,0.29768720269203186,0.4650057554244995,0.28348949551582336,0.9684337377548218
0.9709495902061462,0.8439457416534424,0.8492374420166016,0.4171029031276703,0.8301156163215637,0.792753279209137,0.9021737575531006,0.9775071740150452,0.8947482109069824,0.33850643038749695,0.55473792552948,0.8925411701202393,0.2817380130290985,0.3925146460533142,0.3287881314754486,0.9487625956535339
0.971356213092804,0.8456034064292908,0.8506901860237122,0.4127960205078125,0.8317919373512268,0.7967662811279297,0.9007497429847717,0.9780883193016052,0.9002194404602051,0.3584749102592468,0.5629698038101196,0.8771223425865173,0.3065813183784485,0.4241264760494232,0.3318355083465576,0.9542888402938843
0.9716508984565735,0.8474776148796082,0.8522739410400391,0.407235711812973,0.8339512348175049,0.7971131801605225,0.904630184173584,0.9780413508415222,0.9115869998931885,0.38991984724998474,0.5824412107467651,0.8520294427871704,0.3486979305744171,0.5064755082130432,0.34121012687683105,0.963698148727417
0.9720568060874939,0.8493261933326721,0.853865921497345,0.4022638499736786,0.835884690284729,0.800536036491394,0.9043764472007751,0.9785094261169434,0.9140806198120117,0.40382522344589233,0.5886479020118713,0.8451980352401733,0.3642469346523285,0.527729868888855,0.3490610718727112,0.9619632959365845
0.9723382592201233,0.850447952747345,0.8548908233642578,0.3982633054256439,0.8370406627655029,0.8033686876296997,0.9033832550048828,0.9789129495620728,0.9151453971862793,0.41152411699295044,0.5891038179397583,0.8404065370559692,0.3904768228530884,0.5379822254180908,0.34433767199516296,0.975299596786499
0.9725074172019958,0.8512589931488037,0.8555811643600464,0.3939061462879181,0.8378772735595703,0.804710865020752,0.903471827507019,0.9790894985198975,0.9125826358795166,0.42986923456192017,0.5976414084434509,0.8251743316650391,0.3853245973587036,0.5130020976066589,0.3923441767692566,0.9609637260437012
0.9730224013328552,0.8540201187133789,0.8579672574996948,0.3884381949901581,0.8409183621406555,0.8073776364326477,0.9063700437545776,0.979377269744873,0.8984763622283936,0.4075295329093933,0.5838121771812439,0.8435445427894592,0.35096341371536255,0.4304410219192505,0.4278164505958557,0.9286073446273804
0.9730541110038757,0.8537379503250122,0.857768177986145,0.38544774055480957,0.8404940366744995,0.8093851208686829,0.9032043218612671,0.9797137975692749,0.9132974147796631,0.42743363976478577,0.5985680818557739,0.8222805261611938,0.39421117305755615,0.518488347530365,0.3912428617477417,0.9685851335525513
0.9734414219856262,0.8556344509124756,0.8593951463699341,0.38067173957824707,0.8425145149230957,0.8123767375946045,0.9036461710929871,0.9800963401794434,0.9196977615356445,0.439564049243927,0.6059531569480896,0.8134280443191528,0.4203093647956848,0.5762156248092651,0.3767385184764862,0.9767398834228516
0.97383052110672,0.8578608632087708,0.8613349199295044,0.37543582916259766,0.845008134841919,0.8137589693069458,0.906991720199585,0.98020339012146,0.9194076061248779,0.4595681428909302,0.6136617660522461,0.799576997756958,0.4252663850784302,0.5670291781425476,0.4077814519405365,0.970147967338562
0.9738604426383972,0.8577444553375244,0.8612557649612427,0.37244662642478943,0.8448011875152588,0.8151326775550842,0.9050062894821167,0.980425238609314,0.9096846580505371,0.45125794410705566,0.6014062166213989,0.806016206741333,0.40893033146858215,0.49273136258125305,0.42719629406929016,0.961349368095398
0.9744066596031189,0.8606271743774414,0.863778829574585,0.36708423495292664,0.8479679822921753,0.8182629942893982,0.9076115489006042,0.9807752370834351,0.9210734367370605,0.48017990589141846,0.6237778663635254,0.7831494212150574,0.44400739669799805,0.576183557510376,0.43520230054855347,0.9688966274261475
0.9748535752296448,0.8626800179481506,0.8655955791473389,0.3625839650630951,0.8501304388046265,0.8223418593406677,0.9071423411369324,0.9813096523284912,0.9222004413604736,0.49775785207748413,0.6273560523986816,0.778384268283844,0.46895962953567505,0.584711492061615,0.4407917857170105,0.973044753074646
0.9743883013725281,0.859947919845581,0.8632409572601318,0.3617370128631592,0.8470714092254639,0.8207545876502991,0.9030336141586304,0.9811919927597046,0.9191322326660156,0.4997122287750244,0.6292338371276855,0.7697726488113403,0.45681360363960266,0.5547048449516296,0.4731365144252777,0.9617580771446228
0.9747986793518066,0.8624693751335144,0.8654096126556396,0.3563917577266693,0.8499218225479126,0.821616530418396,0.9075804948806763,0.9812076687812805,0.9234364032745361,0.5247024297714233,0.6430767774581909,0.7501242160797119,0.4854009747505188,0.5832180976867676,0.4961146116256714,0.965561032295227
0.9751525521278381,0.8639199137687683,0.8667278289794922,0.3525432050228119,0.8513949513435364,0.8256391286849976,0.9059109091758728,0.9817546010017395,0.9300429821014404,0.5487828254699707,0.6564457416534424,0.735735297203064,0.5240124464035034,0.6398851275444031,0.49323299527168274,0.9763594269752502
0.9752741456031799,0.8644859194755554,0.8672324419021606,0.34918710589408875,0.8519928455352783,0.8267382383346558,0.9058324098587036,0.9818953275680542,0.9276988506317139,0.555077314376831,0.6579765677452087,0.7291971445083618,0.5230298042297363,0.6107445955276489,0.5221748352050781,0.9709768295288086
0.9756802916526794,0.8666145205497742,0.8690991997718811,0.34463831782341003,0.8543158769607544,0.82936030626297,0.9073440432548523,0.9821958541870117,0.9313309192657471,0.559988796710968,0.6671926379203796,0.716832160949707,0.525154709815979,0.6395661234855652,0.5272002816200256,0.9701115489006042
0.9759959578514099,0.8681992292404175,0.8704981803894043,0.34083256125450134,0.8560269474983215,0.8317686319351196,0.9079182147979736,0.9824872016906738,0.9385013580322266,0.5953422784805298,0.6860255002975464,0.6957074999809265,0.5749491453170776,0.7047255039215088,0.5343909859657288,0.9805623292922974
0.9764662384986877,0.8709174394607544,0.8728932738304138,0.33569180965423584,0.8590655326843262,0.8334618210792542,0.9118981957435608,0.9826223850250244,0.9404294490814209,0.6079447269439697,0.6938298940658569,0.6829900145530701,0.585456132888794,0.7178910374641418,0.5470936298370361,0.9802279472351074
0.976942777633667,0.8729889392852783,0.874787449836731,0.33196547627449036,0.8612174987792969,0.8386957049369812,0.9102213382720947,0.9833049178123474,0.9447183609008789,0.6225650310516357,0.7043387293815613,0.6691870093345642,0.6075689792633057,0.7696645259857178,0.5425600409507751,0.9850647449493408
0.9765602946281433,0.8709990978240967,0.872988224029541,0.3305203318595886,0.8590337038040161,0.8362736105918884,0.9086667895317078,0.9830338358879089,0.9451839923858643,0.6289017200469971,0.7081429362297058,0.6601147651672363,0.6115789413452148,0.7668932676315308,0.5537202954292297,0.9841141104698181
0.9770796895027161,0.8738545179367065,0.8755260705947876,0.3254682719707489,0.8621900081634521,0.8389467597007751,0.9117658734321594,0.9833071231842041,0.945124626159668,0.6368688344955444,0.7114753723144531,0.650813639163971,0.6162009835243225,0.7549355626106262,0.5696681141853333,0.9823305010795593
0.9773821830749512,0.8753057718276978,0.8768328428268433,0.3218902349472046,0.8637383580207825,0.8416942954063416,0.9116755127906799,0.9836469888687134,0.9483580589294434,0.6520745754241943,0.7207959890365601,0.6377766728401184,0.6377943754196167,0.7929197549819946,0.5698097944259644,0.9863415956497192
0.9776074886322021,0.8763750791549683,0.8778124451637268,0.31868842244148254,0.8648797273635864,0.8437391519546509,0.911629855632782,0.9838984608650208,0.9500918388366699,0.6585147380828857,0.7256289720535278,0.6282232999801636,0.6477622389793396,0.8164188861846924,0.5682032704353333,0.9883276224136353
0.9776989817619324,0.8769150376319885,0.8782507181167603,0.3156377077102661,0.8654600977897644,0.8443012833595276,0.9120360612869263,0.9839599132537842,0.950178861618042,0.6579447984695435,0.7257346510887146,0.6235578656196594,0.6471612453460693,0.8182308673858643,0.5674761533737183,0.9883404970169067
0.9778353571891785,0.8776692748069763,0.8789654970169067,0.31250831484794617,0.8663160800933838,0.8447181582450867,0.9133021831512451,0.9839880466461182,0.9509046077728271,0.6683419346809387,0.7306973934173584,0.6117079257965088,0.6556682586669922,0.8161759972572327,0.5802323222160339,0.987790584564209
0.978476345539093,0.8808194994926453,0.8818233609199524,0.30782902240753174,0.8696954846382141,0.850304126739502,0.9136180281639099,0.9846606254577637,0.9519398212432861,0.6698982119560242,0.7327821254730225,0.607059895992279,0.660263180732727,0.8347485065460205,0.5749822854995728,0.9893468618392944
0.9782987236976624,0.8797410726547241,0.8808326721191406,0.3065132200717926,0.8684735298156738,0.8501462936401367,0.9113833904266357,0.984679639339447,0.9524438381195068,0.6788407564163208,0.7376928329467773,0.5936771631240845,0.6662219166755676,0.8266139030456543,0.5907109379768372,0.9881994724273682
0.978240430355072,0.8797081112861633,0.8807685375213623,0.30372029542922974,0.8684903383255005,0.848236083984375,0.9135075807571411,0.9844123125076294,0.9532566070556641,0.6855545043945312,0.7410668134689331,0.5841346383094788,0.6737548112869263,0.8336675763130188,0.5945414900779724,0.988823652267456
0.9788496494293213,0.8828092813491821,0.8835841417312622,0.29926618933677673,0.8718582391738892,0.852980375289917,0.9147253036499023,0.9849634766578674,0.9537327289581299,0.684119462966919,0.7408519387245178,0.5825743675231934,0.6753118634223938,0.8481647372245789,0.5861960053443909,0.990225076675415
0.9790083765983582,0.8835249543190002,0.8842434287071228,0.2966197729110718,0.8726081848144531,0.8548049330711365,0.9141638875007629,0.9851914644241333,0.954329252243042,0.694310188293457,0.7464902400970459,0.569632887840271,0.6826375126838684,0.8386881351470947,0.6041460037231445,0.9891400337219238
0.9790748953819275,0.8840227127075195,0.8847074508666992,0.29361963272094727,0.8731968402862549,0.8541781306266785,0.916031539440155,0.9850855469703674,0.9549915790557861,0.7028688192367554,0.7510908842086792,0.559907853603363,0.6902377605438232,0.8359779119491577,0.6162899732589722,0.9888428449630737
0.9796614646911621,0.8869365453720093,0.8873714208602905,0.28934797644615173,0.8763407468795776,0.8593938946723938,0.916305422782898,0.985702633857727,0.9552037715911865,0.698911190032959,0.7499707937240601,0.5597476363182068,0.6886712312698364,0.8472722768783569,0.6072040796279907,0.9899626970291138
0.979278028011322,0.8847986459732056,0.8853923082351685,0.289013147354126,0.873956024646759,0.8577514290809631,0.9134728908538818,0.9855527281761169,0.9555313587188721,0.7082035541534424,0.7551795244216919,0.547050952911377,0.6945639848709106,0.8321975469589233,0.6280650496482849,0.9883601665496826
0.9796866774559021,0.8874003887176514,0.8877408504486084,0.2846355140209198,0.8769038319587708,0.8576565384864807,0.9192420244216919,0.9854493141174316,0.9559786319732666,0.7103753685951233,0.7568372488021851,0.5410374402999878,0.6974542140960693,0.8369544148445129,0.6289659142494202,0.9888158440589905
0.9803712368011475,0.8905092477798462,0.8906487226486206,0.2804684340953827,0.88019859790802,0.8656371235847473,0.916853129863739,0.9864275455474854,0.9562680721282959,0.7084531784057617,0.7559733390808105,0.5397747159004211,0.6980113387107849,0.8493378758430481,0.6195912957191467,0.9900984764099121
0.9798874855041504,0.8880832195281982,0.8884260654449463,0.2798558175563812,0.8775672912597656,0.8612540364265442,0.9166550040245056,0.9859172701835632,0.9567270278930664,0.7181650400161743,0.760823667049408,0.5274518728256226,0.7052592635154724,0.839361310005188,0.6366778612136841,0.9890211224555969
0.980292558670044,0.8902523517608643,0.8903849124908447,0.27628520131111145,0.8799312710762024,0.8641259074211121,0.9179786443710327,0.9862337112426758,0.9566900730133057,0.715117335319519,0.759529173374176,0.5262621641159058,0.7032573223114014,0.8444449305534363,0.6305724382400513,0.9895354509353638
0.9803285002708435,0.8901873230934143,0.8903670310974121,0.27480271458625793,0.8798206448554993,0.8659306764602661,0.9158471822738647,0.9864770174026489,0.9570741653442383,0.7190459966659546,0.7619069814682007,0.5186395645141602,0.7069165110588074,0.8441145420074463,0.6362127065658569,0.9894729852676392
0.9801568984985352,0.8894603252410889,0.8896883726119995,0.27311092615127563,0.8790651559829712,0.8634765148162842,0.9170767664909363,0.9861716628074646,0.95733642578125,0.7225190997123718,0.7635818719863892,0.5120351910591125,0.7099937796592712,0.8436325788497925,0.6403506994247437,0.9893589019775391
0.9805259108543396,0.8912999629974365,0.8913893103599548,0.2697300910949707,0.8810498118400574,0.8668335676193237,0.917224645614624,0.9865617752075195,0.9575283527374268,0.7238030433654785,0.7646539211273193,0.5072242021560669,0.7112936973571777,0.8440117835998535,0.6425720453262329,0.9893825054168701
0.9809560179710388,0.8936375379562378,0.8935109376907349,0.2662341892719269,0.8835956454277039,0.869726836681366,0.9188951253890991,0.9868738055229187,0.9578173160552979,0.7290515899658203,0.767552375793457,0.499067485332489,0.7152230739593506,0.8384532928466797,0.6528368592262268,0.9887125492095947
0.9810707569122314,0.8943880796432495,0.8941512107849121,0.2638005018234253,0.8844293355941772,0.8698910474777222,0.9202105402946472,0.98687344789505,0.9578680992126465,0.7277474403381348,0.7670652866363525,0.49666693806648254,0.7146050930023193,0.8422083854675293,0.6492655873298645,0.9891065359115601
0.9808852672576904,0.8930496573448181,0.8930150270462036,0.2630361020565033,0.8829362392425537,0.8704729080200195,0.9168768525123596,0.9869886636734009,0.9581568241119385,0.7313411235809326,0.7691806554794312,0.4903995394706726,0.7175638675689697,0.8403531908988953,0.6553629636764526,0.9888094663619995
0.9811188578605652,0.8943929672241211,0.8941863179206848,0.26026734709739685,0.8843992948532104,0.8719330430030823,0.9179540276527405,0.9871416687965393,0.9583861827850342,0.7352429628372192,0.7713196277618408,0.48368942737579346,0.7207021713256836,0.8367113471031189,0.6627755165100098,0.9883833527565002
0.9813908934593201,0.8960251808166504,0.8957106471061707,0.25706353783607483,0.8862115740776062,0.8722875714302063,0.9211133122444153,0.9871386289596558,0.9586024284362793,0.7392101287841797,0.7735346555709839,0.4767343997955322,0.7237033843994141,0.8323854207992554,0.6709659099578857,0.9877967238426208
0.9813318252563477,0.8954219818115234,0.8952226638793945,0.2562577724456787,0.8855336904525757,0.8735607266426086,0.9185208678245544,0.9873208999633789,0.9587059020996094,0.7368603348731995,0.7723398208618164,0.4760141372680664,0.7226439714431763,0.84091717004776,0.6623103618621826,0.9886844158172607
0.9815443158149719,0.8966191411018372,0.8962594866752625,0.2535514831542969,0.8868225812911987,0.8751911520957947,0.9190831780433655,0.9875001311302185,0.9588501453399658,0.7392141222953796,0.7738063335418701,0.47061336040496826,0.7244605422019958,0.8380237221717834,0.6676860451698303,0.9883506298065186
0.9817891716957092,0.8980889320373535,0.8975950479507446,0.2502574026584625,0.8884472846984863,0.8758620619773865,0.9214227795600891,0.9875451922416687,0.959052562713623,0.7432335019111633,0.7760624885559082,0.4648061990737915,0.7275804281234741,0.8330749273300171,0.6764431595802307,0.9877592325210571
0.9817939400672913,0.8978826403617859,0.8974135518074036,0.24919016659259796,0.8881916403770447,0.8777123093605042,0.9189097285270691,0.9877898097038269,0.9590604305267334,0.7401777505874634,0.7746295928955078,0.4642934501171112,0.7256339192390442,0.8400669693946838,0.6682046055793762,0.9885172843933105
0.9814856052398682,0.896231472492218,0.8959430456161499,0.24892961978912354,0.8863963484764099,0.8749973773956299,0.918567419052124,0.9874852895736694,0.9592385292053223,0.7445335388183594,0.7773487567901611,0.45661622285842896,0.728667140007019,0.8322260975837708,0.6800919771194458,0.9875993728637695
0.9821045398712158,0.8996665477752686,0.8990527391433716,0.2445930391550064,0.8901495337486267,0.8790993690490723,0.9211306571960449,0.9879183769226074,0.9594261646270752,0.745091438293457,0.7778778076171875,0.45364910364151,0.7294578552246094,0.8349628448486328,0.6793755888938904,0.9878114461898804
0.9822043776512146,0.9002628326416016,0.8996307849884033,0.24219238758087158,0.8908199071884155,0.8790863752365112,0.9224780201911926,0.9878989458084106,0.9594929218292236,0.7469339966773987,0.7789734601974487,0.4489213824272156,0.7309386730194092,0.8316851854324341,0.6843342185020447,0.9875091910362244
0.982603132724762,0.9023648500442505,0.9015763998031616,0.23904359340667725,0.893107533454895,0.8823952674865723,0.9232228994369507,0.9882650971412659,0.9594025611877441,0.7441699504852295,0.7771227359771729,0.45017990469932556,0.7291781306266785,0.8378760814666748,0.6755396127700806,0.9882476925849915
0.9824275970458984,0.9011882543563843,0.9005064964294434,0.23931200802326202,0.8917908072471619,0.882895827293396,0.9202141761779785,0.9883601665496826,0.9596340656280518,0.7474970817565918,0.7795219421386719,0.44400325417518616,0.7316110730171204,0.8330297470092773,0.6846522688865662,0.9876084923744202
0.9825028777122498,0.9019027352333069,0.9011709094047546,0.23624710738658905,0.8926180601119995,0.8807756900787354,0.9241156578063965,0.9880701899528503,0.959597110748291,0.7466951012611389,0.7793338894844055,0.44249510765075684,0.730816125869751,0.8328849077224731,0.6843128204345703,0.9875914454460144
0.9826198220252991,0.9022635221481323,0.9015306830406189,0.23495565354824066,0.8929856419563293,0.8837276101112366,0.9216272830963135,0.9884356260299683,0.9597759246826172,0.7486765384674072,0.7802345752716064,0.43854567408561707,0.7328566312789917,0.8336295485496521,0.6859006285667419,0.9876687526702881
0.9832014441490173,0.9056084156036377,0.9046149253845215,0.2308100014925003,0.8966510891914368,0.8864520788192749,0.92561274766922,0.9886927604675293,0.9598362445831299,0.7496432065963745,0.7808012962341309,0.4360860586166382,0.7336567640304565,0.8326452970504761,0.6879642605781555,0.9875450730323792
0.9829325079917908,0.9039036631584167,0.9030850529670715,0.23102904856204987,0.8947720527648926,0.8861686587333679,0.9224515557289124,0.9886996150016785,0.9598865509033203,0.7508440017700195,0.7819252014160156,0.4325348734855652,0.7343199253082275,0.8287985920906067,0.6935083270072937,0.9870814085006714
0.9831967353820801,0.9055739641189575,0.9046178460121155,0.2279282659292221,0.8966206312179565,0.8861598968505859,0.9259458780288696,0.9886561036109924,0.9601118564605713,0.7522956728935242,0.7827432155609131,0.4296509623527527,0.7359718680381775,0.8311851620674133,0.6936633586883545,0.9872881174087524
0.9833136200904846,0.9060283899307251,0.9050175547599792,0.22675639390945435,0.8970839977264404,0.8888751268386841,0.9238326549530029,0.9889851808547974,0.9600636959075928,0.751549243927002,0.7820534706115723,0.4294058084487915,0.7354475259780884,0.8330850601196289,0.690608024597168,0.9874948263168335
0.9838810563087463,0.9092512130737305,0.9080480337142944,0.2226289063692093,0.900629997253418,0.8915422558784485,0.92771315574646,0.9892373085021973,0.9601888656616211,0.7538077235221863,0.7837069630622864,0.42473119497299194,0.7371265888214111,0.8288155794143677,0.6977586150169373,0.9869865775108337
0.9837479591369629,0.908531904220581,0.9073542952537537,0.22182206809520721,0.8998390436172485,0.8907325267791748,0.9270486235618591,0.9891543388366699,0.9602055549621582,0.7551275491714478,0.7846308946609497,0.4214436411857605,0.7378368377685547,0.8250154256820679,0.7029176950454712,0.9864570498466492
0.9835495352745056,0.9073979258537292,0.9062818288803101,0.2212546020746231,0.898595929145813,0.8899251222610474,0.9255250692367554,0.9890820980072021,0.9603309631347656,0.7538939118385315,0.7837925553321838,0.4217621684074402,0.7374905347824097,0.8323343992233276,0.6952966451644897,0.987280011177063
0.9839707016944885,0.9096622467041016,0.9084246158599854,0.2182963341474533,0.9010698199272156,0.8930231332778931,0.926922619342804,0.9894105195999146,0.960275411605835,0.7529811859130859,0.7832459211349487,0.42113006114959717,0.7368083000183105,0.8333643674850464,0.6932276487350464,0.9874505996704102
0.9831188321113586,0.904758632183075,0.9038694500923157,0.22178052365779877,0.8956700563430786,0.8890408277511597,0.9210548996925354,0.9890370965003967,0.9604766368865967,0.7570516467094421,0.7859095931053162,0.4149472117424011,0.7398117780685425,0.8264764547348022,0.7048583626747131,0.986529529094696
0.983820915222168,0.9088985323905945,0.9077194929122925,0.2163919061422348,0.9002424478530884,0.8913273215293884,0.9272119998931885,0.9892185926437378,0.9606573581695557,0.7586308717727661,0.7871488332748413,0.4114639461040497,0.7411683797836304,0.8256677389144897,0.7084858417510986,0.9863289594650269
0.9841771125793457,0.9108295440673828,0.9095272421836853,0.21345694363117218,0.9023534655570984,0.8940461874008179,0.9282644987106323,0.9895085096359253,0.9606156349182129,0.7568989396095276,0.7859429121017456,0.41255277395248413,0.7400097846984863,0.8301248550415039,0.7021051049232483,0.9868835210800171
0.9842503070831299,0.9110429286956787,0.9097290635108948,0.21256913244724274,0.9025617837905884,0.8963912129402161,0.926144003868103,0.989791214466095,0.9607410430908203,0.7592605352401733,0.7874434590339661,0.408737450838089,0.7418315410614014,0.8265796899795532,0.7084751129150391,0.9863861203193665
0.9839692115783691,0.9096549153327942,0.9083906412124634,0.21244971454143524,0.9010483622550964,0.8932807445526123,0.9265629649162292,0.9894428849220276,0.9607210159301758,0.7594845294952393,0.787704586982727,0.40685147047042847,0.7418146133422852,0.824833869934082,0.7104933261871338,0.9861485958099365
0.9845867156982422,0.913068413734436,0.9116559028625488,0.20831070840358734,0.9048022627830505,0.8967583775520325,0.9300326704978943,0.9897887110710144,0.9608597755432129,0.7615303993225098,0.7888465523719788,0.4039759039878845,0.7437751293182373,0.8233367800712585,0.714468240737915,0.9860144853591919
0.9842527508735657,0.9109832644462585,0.909680962562561,0.20952117443084717,0.9025092124938965,0.8970478773117065,0.9253215193748474,0.989871621131897,0.9608712196350098,0.7594640254974365,0.7875330448150635,0.4049934446811676,0.7422903776168823,0.8297284245491028,0.7062190175056458,0.9866723418235779
0.9846298694610596,0.9131975173950195,0.9118021726608276,0.20626972615718842,0.9049373865127563,0.8978907465934753,0.9291161894798279,0.9899239540100098,0.9610147476196289,0.7620947360992432,0.7893339395523071,0.4009571969509125,0.7443485260009766,0.8252778053283691,0.7140833139419556,0.9860843420028687
0.9846993088722229,0.9136893153190613,0.9121884107589722,0.2046848088502884,0.9054641723632812,0.8980943560600281,0.9297515153884888,0.9899382591247559,0.9609518051147461,0.7614707946777344,0.7890210151672363,0.4003588557243347,0.743748128414154,0.8250166177749634,0.7135353088378906,0.9860941767692566
0.984506368637085,0.912317156791687,0.910990297794342,0.20496375858783722,0.9039690494537354,0.8988675475120544,0.9262508153915405,0.9900612831115723,0.9609534740447998,0.7604086995124817,0.7880805730819702,0.40054595470428467,0.7430312037467957,0.8294311165809631,0.7077640891075134,0.9865180253982544
0.9847872257232666,0.9140421152114868,0.9126360416412354,0.20214414596557617,0.9058603048324585,0.8988049030303955,0.9299669861793518,0.9900150299072266,0.9611523151397705,0.7635254859924316,0.7902265191078186,0.3962961733341217,0.7456539869308472,0.824885368347168,0.7165639996528625,0.9859615564346313
0.9851356148719788,0.9159102439880371,0.9143456220626831,0.19957900047302246,0.9078883528709412,0.9024102687835693,0.9298191070556641,0.9904102683067322,0.9610590934753418,0.7627428770065308,0.7897534370422363,0.39592769742012024,0.7448179721832275,0.8245444297790527,0.7156925201416016,0.9859188795089722
0.985583484172821,0.9185583591461182,0.9168714284896851,0.19632118940353394,0.9108108282089233,0.9034804701805115,0.9342116713523865,0.9904824495315552,0.9611880779266357,0.7620742321014404,0.7893140316009521,0.39689087867736816,0.7447361946105957,0.8301181793212891,0.7101832628250122,0.9865478277206421
0.9856622219085693,0.9188936948776245,0.9171739220619202,0.19532640278339386,0.911163330078125,0.9053173661231995,0.9328789114952087,0.9906952977180481,0.9611387252807617,0.7632156610488892,0.7899990081787109,0.3946503698825836,0.7453463077545166,0.8255680799484253,0.7154600024223328,0.9859938621520996
0.9852759838104248,0.9167265295982361,0.9150892496109009,0.19600988924503326,0.9087743759155273,0.9032832980155945,0.9305092096328735,0.9904982447624207,0.9612829685211182,0.7640020251274109,0.7906004190444946,0.39303088188171387,0.7462128400802612,0.8267056941986084,0.7159972786903381,0.9860793352127075
0.9854646325111389,0.917809009552002,0.9161311388015747,0.1942487210035324,0.9099714756011963,0.9039971828460693,0.9320235848426819,0.9905602335929871,0.9612994194030762,0.7623860836029053,0.789459228515625,0.39450517296791077,0.7452474236488342,0.8325299024581909,0.7086435556411743,0.9867675304412842
0.9852398037910461,0.9164950251579285,0.9148892164230347,0.1945037841796875,0.9085218906402588,0.9031527638435364,0.9302107095718384,0.9904870390892029,0.9612517356872559,0.7646080255508423,0.7908341884613037,0.39112168550491333,0.7467334270477295,0.8247724175453186,0.7181304097175598,0.9859437942504883
0.9857223629951477,0.9191883206367493,0.9174901247024536,0.1908401995897293,0.9114857316017151,0.9057414531707764,0.9331116676330566,0.9907392859458923,0.9613323211669922,0.7633899450302124,0.7902277708053589,0.39212584495544434,0.7458540201187134,0.8298071622848511,0.7126211524009705,0.9863787889480591
0.985098123550415,0.9155920743942261,0.9140579700469971,0.1930980682373047,0.9075307846069336,0.9031720161437988,0.9283630847930908,0.990507960319519,0.9614927768707275,0.7650810480117798,0.7913317680358887,0.3892148435115814,0.747389018535614,0.8290448188781738,0.7158823013305664,0.9862165451049805
0.985605001449585,0.9185739159584045,0.9168596267700195,0.18941448628902435,0.9108055830001831,0.9050752520561218,0.9324526190757751,0.9906734824180603,0.9615256786346436,0.765160322189331,0.7913678288459778,0.38867151737213135,0.7476902008056641,0.829785168170929,0.7153770923614502,0.9864078164100647
0.9845936298370361,0.9125961065292358,0.9112958908081055,0.19473795592784882,0.9042490720748901,0.901071310043335,0.9245455861091614,0.9903194904327393,0.961627721786499,0.7667924165725708,0.7923421859741211,0.38610467314720154,0.7489553689956665,0.828015923500061,0.719146192073822,0.9860507249832153
0.9855713844299316,0.9184430837631226,0.9167548418045044,0.18779097497463226,0.9106727242469788,0.9040097594261169,0.9333791732788086,0.9905487298965454,0.9614980220794678,0.7651881575584412,0.7913063764572144,0.387552410364151,0.7475324869155884,0.8293092250823975,0.7156096696853638,0.9862555861473083
0.9858273863792419,0.9196234941482544,0.9178988933563232,0.18615399301052094,0.9119493365287781,0.9081758856773376,0.9313809275627136,0.9910191893577576,0.961583137512207,0.7657725811004639,0.7916538715362549,0.3861342668533325,0.7482369542121887,0.8300268054008484,0.7158716320991516,0.9863647818565369
0.985630989074707,0.9186183214187622,0.9169090986251831,0.18654470145702362,0.9108439683914185,0.9062686562538147,0.9312723278999329,0.9908144474029541,0.9616942405700684,0.7652539014816284,0.7913060188293457,0.38668468594551086,0.7481003999710083,0.8348021507263184,0.7112738490104675,0.9868032336235046
0.9856326580047607,0.9185366034507751,0.9168694019317627,0.18549026548862457,0.9107572436332703,0.9068458080291748,0.9305648803710938,0.9908837080001831,0.9616920948028564,0.7685407996177673,0.7932925224304199,0.3822532892227173,0.7504124641418457,0.8253373503684998,0.723637044429779,0.985703706741333
0.9862236976623535,0.9220281839370728,0.9201756715774536,0.18146926164627075,0.9145946502685547,0.9087751507759094,0.9356895685195923,0.9910425543785095,0.9617078304290771,0.767275333404541,0.7924472093582153,0.38393327593803406,0.7496389150619507,0.8297345638275146,0.718012809753418,0.986266553401947
0.98630291223526,0.9222956895828247,0.9204698801040649,0.1808023303747177,0.9148856401443481,0.9108653664588928,0.9340792894363403,0.9912825226783752,0.9617404937744141,0.767791211605072,0.7928054332733154,0.3829665184020996,0.7499930262565613,0.8289473056793213,0.7195097208023071,0.9861043691635132
0.986408531665802,0.9229700565338135,0.9211232662200928,0.1789543777704239,0.9156255722045898,0.910464882850647,0.9359250664710999,0.9912228584289551,0.961705207824707,0.7672077417373657,0.7924425601959229,0.3831031322479248,0.7495154738426208,0.8296840190887451,0.7180421948432922,0.9862199425697327
0.9864003658294678,0.9227320551872253,0.9208956956863403,0.17884723842144012,0.9153475761413574,0.9126835465431213,0.9330578446388245,0.9914869070053101,0.9617114067077637,0.7660005688667297,0.7914662957191467,0.38490724563598633,0.7488508820533752,0.8345162868499756,0.7118780016899109,0.9868041276931763
0.9864318370819092,0.9230188727378845,0.9211696982383728,0.17775146663188934,0.9156709909439087,0.911582887172699,0.9348251223564148,0.9913532137870789,0.9618484973907471,0.770422637462616,0.7943451404571533,0.3788430094718933,0.7521698474884033,0.8246980309486389,0.7267271876335144,0.9855455160140991
0.9864978194236755,0.923433780670166,0.9215245842933655,0.17661000788211823,0.9161248207092285,0.9119955897331238,0.9351500868797302,0.9913941025733948,0.9617931842803955,0.7677830457687378,0.7927966713905334,0.3813891112804413,0.7501262426376343,0.8304508328437805,0.7182774543762207,0.9862645268440247
0.9867041707038879,0.9245952367782593,0.9226592183113098,0.174518421292305,0.9173982739448547,0.9129974842071533,0.9365266561508179,0.991489052772522,0.9617488384246826,0.7671692371368408,0.7923592329025269,0.3817324638366699,0.7495884299278259,0.8312938213348389,0.716553270816803,0.9863595962524414
0.9868054389953613,0.9251519441604614,0.923178493976593,0.1734265238046646,0.9180020093917847,0.9139740467071533,0.9366005659103394,0.9915928840637207,0.9617657661437988,0.7679412364959717,0.792597770690918,0.3809185028076172,0.7503947615623474,0.8306317925453186,0.7176545858383179,0.9863681793212891
0.9870555996894836,0.9265479445457458,0.9245084524154663,0.17155146598815918,0.9195319414138794,0.9158369302749634,0.9374696016311646,0.9917836785316467,0.9618287086486816,0.7680326700210571,0.7927957773208618,0.3803187608718872,0.7504626512527466,0.8314462900161743,0.7174781560897827,0.9863667488098145
0.9867353439331055,0.9246396422386169,0.9227171540260315,0.1728518009185791,0.917441725730896,0.9145901799201965,0.9349510669708252,0.9916732907295227,0.9617447853088379,0.7681474685668945,0.7929551601409912,0.37969034910202026,0.7502578496932983,0.8283601999282837,0.7203464508056641,0.9860091209411621
0.9871129393577576,0.9269369840621948,0.9248847961425781,0.1696416139602661,0.91996169090271,0.9153343439102173,0.9388142228126526,0.9917183518409729,0.9617598056793213,0.767695426940918,0.7925357818603516,0.37985652685165405,0.7500884532928467,0.8307599425315857,0.7174033522605896,0.9863228797912598
0.9869423508644104,0.9258686900138855,0.9238649010658264,0.17014062404632568,0.9187875390052795,0.9155228137969971,0.9364234805107117,0.9917595386505127,0.9616529941558838,0.7665676474571228,0.7914415597915649,0.38136208057403564,0.7492455244064331,0.8329877257347107,0.7130167484283447,0.9866379499435425
0.9869595170021057,0.925970733165741,0.9239901304244995,0.16897718608379364,0.9188994765281677,0.9152116179466248,0.9370241165161133,0.9917213320732117,0.9617471694946289,0.7676951885223389,0.7925511598587036,0.3792591691017151,0.7500888109207153,0.8303353786468506,0.7177802324295044,0.9863101840019226
0.9870184063911438,0.9262698888778687,0.924236536026001,0.16839434206485748,0.9192167520523071,0.9165204763412476,0.9361596703529358,0.9918679594993591,0.9617176055908203,0.7664276361465454,0.7919593453407288,0.3799818158149719,0.7489618062973022,0.832326352596283,0.7147756814956665,0.9864859580993652
0.9869718551635742,0.9261112809181213,0.924085259437561,0.16777299344539642,0.9190524816513062,0.9149207472801208,0.9375389814376831,0.9916855096817017,0.9618399143218994,0.7690753936767578,0.7933000922203064,0.377450555562973,0.7512717247009277,0.829363226890564,0.7203651666641235,0.9861060380935669
0.9869838356971741,0.9260601997375488,0.9240469932556152,0.16705317795276642,0.9189929962158203,0.9163339138031006,0.9359515309333801,0.9918498396873474,0.9616527557373047,0.7679466009140015,0.7923761010169983,0.3784230649471283,0.7501461505889893,0.8285465836524963,0.7187986969947815,0.9861091375350952
0.9868786334991455,0.9254927635192871,0.9234853982925415,0.16685543954372406,0.9183709621429443,0.9155699610710144,0.9355590343475342,0.9917722940444946,0.9618167877197266,0.7687753438949585,0.7930328845977783,0.37727582454681396,0.7510230541229248,0.8299868106842041,0.719218373298645,0.9861741065979004
0.9877079129219055,0.9302384257316589,0.9280771613121033,0.1620521992444992,0.9235748052597046,0.919609785079956,0.9410780668258667,0.9921542406082153,0.9618353843688965,0.7683531641960144,0.7928869724273682,0.3775078058242798,0.7507407069206238,0.8311982750892639,0.7178952097892761,0.9863252639770508
0.9871187806129456,0.9267528057098389,0.9247035980224609,0.1647367924451828,0.9197472333908081,0.9181659817695618,0.9354156851768494,0.9920486807823181,0.961766242980957,0.7681372761726379,0.7926688194274902,0.37733352184295654,0.7505056858062744,0.8303079009056091,0.718084990978241,0.9862899780273438
0.9875686168670654,0.9294267892837524,0.9273277521133423,0.1614447683095932,0.922690749168396,0.9186035394668579,0.9405522346496582,0.9920521378517151,0.9617278575897217,0.7666831016540527,0.7915046215057373,0.3799954652786255,0.7495182752609253,0.8347975015640259,0.7117496728897095,0.9868085384368896
0.9872347712516785,0.9273689985275269,0.9253816604614258,0.1626705378293991,0.9204393625259399,0.9182563424110413,0.9367676377296448,0.9920470714569092,0.9617745876312256,0.7694966793060303,0.7935778498649597,0.37522605061531067,0.7513616681098938,0.8262587189674377,0.7235702276229858,0.9857229590415955
0.9881604313850403,0.9326988458633423,0.9305081367492676,0.15742942690849304,0.926275908946991,0.9230648875236511,0.9425696134567261,0.9925082325935364,0.9618146419525146,0.7675098180770874,0.7924387454986572,0.37779441475868225,0.7500841021537781,0.832757830619812,0.7155802845954895,0.9865263104438782
0.9871916770935059,0.9271554946899414,0.9251328706741333,0.161945179104805,0.9201942682266235,0.9181814789772034,0.9363157749176025,0.9920427203178406,0.9616668224334717,0.7668699026107788,0.7915516495704651,0.3788261413574219,0.7495163679122925,0.8328496217727661,0.7133883237838745,0.9866095781326294
0.9876683354377747,0.9299019575119019,0.9277585744857788,0.15884001553058624,0.9232019186019897,0.920773446559906,0.9391656517982483,0.9922934770584106,0.9616649150848389,0.7679115533828735,0.7923620939254761,0.3769470751285553,0.7501168251037598,0.8289484977722168,0.7184405326843262,0.9861258268356323
0.9880300164222717,0.9319596886634827,0.9297817349433899,0.15625514090061188,0.9254581928253174,0.9224103093147278,0.9417252540588379,0.9924456477165222,0.9617395401000977,0.7681154012680054,0.7925418019294739,0.3765351474285126,0.750387966632843,0.8301674723625183,0.7178925275802612,0.9862114191055298
0.9881466031074524,0.9326055645942688,0.9303979873657227,0.15507978200912476,0.9261658191680908,0.9234694242477417,0.9419087171554565,0.992555558681488,0.9616732597351074,0.7670961618423462,0.7919328212738037,0.37734949588775635,0.7495445013046265,0.8312121033668518,0.7155963182449341,0.9863955974578857
0.9881724715232849,0.9327136278152466,0.9304986000061035,0.15459172427654266,0.9262778759002686,0.924221932888031,0.9413272738456726,0.9926393032073975,0.9616284370422363,0.7666155695915222,0.7914553880691528,0.3782057762145996,0.7492468357086182,0.8322324156761169,0.7136449217796326,0.9865806102752686
0.9876806735992432,0.9298577904701233,0.9278014302253723,0.15658549964427948,0.9231645464897156,0.9211862087249756,0.9388206005096436,0.992340087890625,0.9616966247558594,0.7666555643081665,0.7915066480636597,0.37845534086227417,0.7493550777435303,0.8339043259620667,0.7124527096748352,0.986677885055542
0.9882346987724304,0.9330997467041016,0.9309011697769165,0.15275681018829346,0.9267095923423767,0.9237369298934937,0.9426891803741455,0.9925779700279236,0.9617214202880859,0.7682127356529236,0.7927931547164917,0.3761843740940094,0.7503336668014526,0.8284781575202942,0.7198599576950073,0.9860283136367798
0.9880695939064026,0.9321258664131165,0.9299880266189575,0.1531737744808197,0.9256505966186523,0.9228083491325378,0.9417407512664795,0.9924875497817993,0.9617898464202881,0.7677592039108276,0.7922815680503845,0.37647679448127747,0.750327467918396,0.8328135013580322,0.715160608291626,0.9865313768386841
0.9882376790046692,0.9330366849899292,0.9308352470397949,0.15180440247058868,0.9266366958618164,0.9249482154846191,0.941272497177124,0.9927163124084473,0.9615473747253418,0.7646582126617432,0.7900770902633667,0.3805655837059021,0.7478446960449219,0.8365664482116699,0.7069942355155945,0.9871379137039185
0.9881689548492432,0.9326250553131104,0.9304534196853638,0.15166740119457245,0.9261848330497742,0.9245736002922058,0.940861701965332,0.9926803112030029,0.961646556854248,0.7672183513641357,0.7919039726257324,0.3772205710411072,0.7495571374893188,0.8306050300598145,0.7160106301307678,0.9862920045852661
0.9885187149047852,0.9347332715988159,0.9325055480003357,0.14905233681201935,0.9285055994987488,0.9248929619789124,0.9448516964912415,0.992682695388794,0.9616918563842773,0.7670528888702393,0.7919416427612305,0.37686797976493835,0.7494881749153137,0.8316895365715027,0.715238094329834,0.9863972067832947
0.9883142113685608,0.9333963990211487,0.931207537651062,0.14983196556568146,0.9270367622375488,0.9261388778686523,0.9408060312271118,0.9928444623947144,0.9615230560302734,0.7656263709068298,0.7905631065368652,0.3793458938598633,0.7484591603279114,0.8335376977920532,0.7104906439781189,0.9867905378341675
0.9880726337432861,0.9320963621139526,0.9299460649490356,0.15043650567531586,0.9256088733673096,0.9236605763435364,0.9407521486282349,0.9925854802131653,0.9617276191711426,0.7670240998268127,0.7918214797973633,0.3771209716796875,0.7497100830078125,0.8332672715187073,0.7137037515640259,0.9866445660591125
0.9884354472160339,0.9342015385627747,0.931946337223053,0.14823903143405914,0.9279084205627441,0.9258540272712708,0.9426590800285339,0.9928005337715149,0.9616310596466064,0.7662902474403381,0.7914465665817261,0.3776583671569824,0.7488387227058411,0.8323479890823364,0.7135326862335205,0.9865145087242126
0.9889178276062012,0.9369397163391113,0.9346522092819214,0.14518137276172638,0.9309183359146118,0.9282441139221191,0.9458230137825012,0.9930272102355957,0.9616761207580566,0.7664121389389038,0.7914333343505859,0.3777644634246826,0.7491766810417175,0.8336779475212097,0.7124553918838501,0.986722469329834
0.9887049794197083,0.9356533288955688,0.9333577156066895,0.14605332911014557,0.9294986128807068,0.9286906123161316,0.942644476890564,0.9930968880653381,0.9616944789886475,0.7671583890914917,0.7917643785476685,0.3770189881324768,0.7497661709785461,0.8326091766357422,0.7140859961509705,0.9865685701370239
0.9886016845703125,0.9351741075515747,0.9328665733337402,0.1462259143590927,0.9289760589599609,0.9268431067466736,0.9435527324676514,0.9928973913192749,0.9616062641143799,0.7668545246124268,0.7916338443756104,0.3771575093269348,0.7492532134056091,0.8307645320892334,0.7152354121208191,0.9863510131835938
0.9888209700584412,0.936389148235321,0.9340922832489014,0.14430613815784454,0.9303087592124939,0.9280036687850952,0.9449028372764587,0.9930086731910706,0.9616754055023193,0.7672789096832275,0.7917118072509766,0.37719449400901794,0.7498222589492798,0.8323250412940979,0.7141848802566528,0.9865123629570007
0.9889233708381653,0.9368705749511719,0.9346129894256592,0.14344210922718048,0.9308397173881531,0.92935711145401,0.9445714950561523,0.9931526184082031,0.9616718292236328,0.7661866545677185,0.7910906076431274,0.3783012628555298,0.74909508228302,0.8352057337760925,0.7104479074478149,0.9868828058242798
0.9887093901634216,0.9356874823570251,0.933462381362915,0.14375467598438263,0.9295526146888733,0.9275015592575073,0.9441105127334595,0.992962121963501,0.961545467376709,0.766101062297821,0.7911258935928345,0.3777088224887848,0.7486110925674438,0.8314812779426575,0.7134497761726379,0.9864693880081177
0.9889931082725525,0.9372502565383911,0.934958815574646,0.1422196477651596,0.9312565922737122,0.9304239749908447,0.9441771507263184,0.9932669401168823,0.961524486541748,0.7656679153442383,0.790556013584137,0.3787449598312378,0.748371958732605,0.8336119651794434,0.710415780544281,0.9866929054260254
0.9892272353172302,0.9386837482452393,0.9363737106323242,0.1404981166124344,0.9328277111053467,0.9300869703292847,0.9474825263023376,0.9932079315185547,0.961641788482666,0.7668812870979309,0.791461706161499,0.37736743688583374,0.7494766116142273,0.8325768113136292,0.7133883237838745,0.9865647554397583
0.989286482334137,0.9389035701751709,0.9365968704223633,0.13961851596832275,0.9330672025680542,0.9321506023406982,0.9457846283912659,0.993434727191925,0.9615688323974609,0.7651283740997314,0.7905542850494385,0.3790963292121887,0.7479660511016846,0.8348721265792847,0.7094321250915527,0.9868220090866089
0.9894371628761292,0.9398470520973206,0.9375127553939819,0.138315811753273,0.9341011047363281,0.9318619966506958,0.9479909539222717,0.9933896660804749,0.9616026878356934,0.7659807205200195,0.791034460067749,0.3781254291534424,0.7486351728439331,0.8335217237472534,0.7116267085075378,0.9866394996643066
0.9893217086791992,0.9391391277313232,0.9368472099304199,0.13850657641887665,0.9333263039588928,0.9315024018287659,0.9469832181930542,0.9933592081069946,0.9615437984466553,0.7665603160858154,0.7911381721496582,0.3779764473438263,0.7490519285202026,0.8313764333724976,0.7135620713233948,0.9864569902420044
0.989292562007904,0.9389258623123169,0.9366135597229004,0.13824181258678436,0.9330889582633972,0.9324610233306885,0.9454952478408813,0.9934689998626709,0.9614074230194092,0.7639552354812622,0.7894454002380371,0.38109806180000305,0.7469735741615295,0.8356391787528992,0.7062082886695862,0.9869981408119202
0.9896324276924133,0.940951943397522,0.9386181235313416,0.13597117364406586,0.9353143572807312,0.93281090259552,0.9492926597595215,0.9934794902801514,0.9616334438323975,0.7659351229667664,0.7909359931945801,0.3787120580673218,0.7487808465957642,0.8348633646965027,0.7103462815284729,0.9868268966674805
0.9891696572303772,0.9382187724113464,0.9359308481216431,0.13814662396907806,0.9323152303695679,0.9316734075546265,0.9448973536491394,0.9933911561965942,0.961578369140625,0.7673032283782959,0.7919064164161682,0.37614670395851135,0.7494279146194458,0.8287039995193481,0.7175396680831909,0.986062228679657
0.9889221787452698,0.9368714094161987,0.9345903992652893,0.13884001970291138,0.9308426976203918,0.9295961260795593,0.9442738890647888,0.9931797981262207,0.9613180160522461,0.7629313468933105,0.7884515523910522,0.3833662271499634,0.7462367415428162,0.8378987312316895,0.7021398544311523,0.9872808456420898
